{
    "posts": [
        {
            "id": 1,
            "parent": "0",
            "timestamp": 1655256837,
            "bumped": 1655256837,
            "name": "WebGame2k",
            "tripcode": "",
            "subject": "Welcome to the VidM Board",
            "message": "this wont be public lmao<br>",
            "file": "1655256837638.png",
            "file_hex": "7ee6e7231b2ba9c53c28b37493466004",
            "file_original": "bgemeraldhill01.png",
            "file_size": 4427,
            "file_size_formated": "4.32KB",
            "image_width": 320,
            "image_height": 224,
            "thumb": "1655256837638s.png",
            "thumb_width": 250,
            "thumb_height": 175,
            "stickied": "0",
            "locked": "0",
            "replies": 0,
            "images": 1
        }
    ]
}