{
    "posts": [
        {
            "id": "2",
            "parent": "0",
            "timestamp": "1654971977",
            "bumped": "1655142195",
            "name": "WebGame2k",
            "tripcode": "",
            "subject": "Lmao",
            "message": "Sheet<br>",
            "file": "1654971977028.png",
            "file_hex": "29a9cff7eed98d40a5151e258ab737b8",
            "file_original": "Custom_Edited_-_Sonic_the_Hedgehog_Customs_-_Sonic",
            "file_size": "72088",
            "file_size_formated": "70.40KB",
            "image_width": "545",
            "image_height": "585",
            "thumb": "1654971977028s.png",
            "thumb_width": "233",
            "thumb_height": "250",
            "stickied": "0",
            "locked": "0",
            "replies": 0,
            "images": 1
        }
    ]
}