{
    "posts": [
        {
            "id": "3",
            "parent": "0",
            "timestamp": "1655141041",
            "bumped": "1655142218",
            "name": "anon",
            "tripcode": "",
            "subject": "l",
            "message": "yes<br>",
            "file": "<iframe width=\"200\" height=\"150\" src=\"\/\/www.youtube.com\/embed\/j5o2UnunZ1A?feature=oembed\" frameborder=\"0\" allow=\"accelerometer; autoplay; clipboard-write; encrypted-media; gyroscope; picture-in-picture\" allowfullscreen><\/iframe>",
            "file_hex": "YouTube",
            "file_original": "Mega Man X (1995) PC Playthrough - NintendoComplete",
            "file_size": "0",
            "file_size_formated": "",
            "image_width": "480",
            "image_height": "360",
            "thumb": "1655141041478.jpg",
            "thumb_width": "250",
            "thumb_height": "188",
            "stickied": "0",
            "locked": "0",
            "replies": 0,
            "images": 1
        }
    ]
}