{
    "posts": [
        {
            "id": 4,
            "parent": "0",
            "timestamp": 1655167506,
            "bumped": 1655167506,
            "name": "WebGame2k",
            "tripcode": "",
            "subject": "Angry Bald man",
            "message": "Who does this dude think he is<br>",
            "file": "1655167506479.gif",
            "file_hex": "61dbe130493b940b0832057c19adaff6",
            "file_original": "angrybaldman.gif",
            "file_size": 1054117,
            "file_size_formated": "1.01MB",
            "image_width": 220,
            "image_height": 215,
            "thumb": "1655167506479s.gif",
            "thumb_width": 220,
            "thumb_height": 215,
            "stickied": "0",
            "locked": "0",
            "replies": 0,
            "images": 1
        }
    ]
}